{"cameraMode":{"drawMode":0,"name":"Shaded","section":"Shading Mode"},"sceneLighting":false,"audioPlay":false,"sceneViewState":{"m_AlwaysRefresh":false,"showFog":true,"showSkybox":true,"showFlares":true,"showImageEffects":true,"showParticleSystems":true,"showVisualEffectGraphs":true,"m_FxEnabled":true},"in2DMode":false,"pivot":{"x":183.97686767578126,"y":383.8038330078125,"z":164.93792724609376},"rotation":{"x":-0.042140208184719089,"y":0.08591412752866745,"z":-0.003637256333604455,"w":-0.995402991771698},"size":624.0418090820313,"orthographic":false}